property_type,storey_mean,storey_sd,storey_median
PRIVATE,7.629501385041551,6.399893013101546,4
SOCIAL HOUSING,6.575,3.785377061523455,5
TCHC,9.553516819571865,5.933375873015556,8
